INSERT INTO product VALUES (product_id_seq.nextval,'PEN', 0.75);
INSERT INTO product VALUES (product_id_seq.nextval,'PENCIL', 0.25);
INSERT INTO product VALUES (product_id_seq.nextval,'STAMP', 0.15);
INSERT INTO product VALUES (product_id_seq.nextval,'MAGNET', 1.25);
INSERT INTO product VALUES (product_id_seq.nextval,'LETTER', 2.25);

INSERT INTO drone VALUES (drone_id_seq.nextval,'READY');
INSERT INTO drone VALUES (drone_id_seq.nextval,'READY');
INSERT INTO drone VALUES (drone_id_seq.nextval,'READY');
INSERT INTO drone VALUES (drone_id_seq.nextval,'READY');
INSERT INTO drone VALUES (drone_id_seq.nextval,'READY');

INSERT INTO vehicle VALUES (vehicle_id_seq.nextval,'AP861234','READY');
INSERT INTO vehicle VALUES (vehicle_id_seq.nextval,'AP936493','READY');
INSERT INTO vehicle VALUES (vehicle_id_seq.nextval,'AP694124','READY');
INSERT INTO vehicle VALUES (vehicle_id_seq.nextval,'AP072684','READY');
INSERT INTO vehicle VALUES (vehicle_id_seq.nextval,'AP161113','READY');

INSERT INTO properties VALUES ('K3R 1Z9');

INSERT INTO product VALUES (product_id_seq.nextval,'PEN', 0.75);
INSERT INTO product VALUES (product_id_seq.nextval,'PENCIL', 0.25);
INSERT INTO product VALUES (product_id_seq.nextval,'STAMP', 0.15);
INSERT INTO product VALUES (product_id_seq.nextval,'MAGNET', 1.25);
INSERT INTO product VALUES (product_id_seq.nextval,'LETTER', 2.25);

INSERT INTO drone VALUES (drone_id_seq.nextval,'READY');
INSERT INTO drone VALUES (drone_id_seq.nextval,'READY');
INSERT INTO drone VALUES (drone_id_seq.nextval,'READY');
INSERT INTO drone VALUES (drone_id_seq.nextval,'READY');
INSERT INTO drone VALUES (drone_id_seq.nextval,'MAINTENANCE');

INSERT INTO vehicle VALUES (vehicle_id_seq.nextval,'AP861234','READY');
INSERT INTO vehicle VALUES (vehicle_id_seq.nextval,'AP936493','READY');
INSERT INTO vehicle VALUES (vehicle_id_seq.nextval,'AP694124','READY');
INSERT INTO vehicle VALUES (vehicle_id_seq.nextval,'AP072684','READY');
INSERT INTO vehicle VALUES (vehicle_id_seq.nextval,'AP161113','MAINTENANCE');


INSERT INTO route VALUES (route_id_seq.nextval,'KEYLEN PARKWAY','30-JUL-92');
INSERT INTO route VALUES (route_id_seq.nextval,'ZARA LANE','5-APR-97');
INSERT INTO route VALUES (route_id_seq.nextval,'CASTANAZA CORNER','27-SEP-94');
INSERT INTO route VALUES (route_id_seq.nextval,'ROAN ROAD','4-APR-96');
INSERT INTO route VALUES (route_id_seq.nextval,'LECLERC LANE','24-MAY-16');
INSERT INTO route VALUES (route_id_seq.nextval,'DENIS DOCK','5-JUL-16');
INSERT INTO route VALUES (route_id_seq.nextval,'DELLADONNA TERRACE','1-JAN-17');
INSERT INTO route VALUES (route_id_seq.nextval,'NORTHWESTERN AVENUE','3-FEB-17');
INSERT INTO route VALUES (route_id_seq.nextval,'PORTAGE CENTER','12-MAR-17');
INSERT INTO route VALUES (route_id_seq.nextval,'2ND PLAZA','23-APR-17');
INSERT INTO route VALUES (route_id_seq.nextval,'SCOTT POINT','25-JAN-17');
INSERT INTO route VALUES (route_id_seq.nextval,'ANZINGER ROAD','13-JAN-17');
INSERT INTO route VALUES (route_id_seq.nextval,'DOTTIE PASS','19-APR-17');
INSERT INTO route VALUES (route_id_seq.nextval,'FAIRFIELD COURT','17-APR-17');
INSERT INTO route VALUES (route_id_seq.nextval,'FOREST HILL DRIVE','10-APR-17');
INSERT INTO route VALUES (route_id_seq.nextval,'HOOKER ROAD','10-APR-17');
INSERT INTO route VALUES (route_id_seq.nextval,'RIDGE OAK LANE','1-MAY-17');

INSERT INTO properties VALUES ('K3R 1Z9');

INSERT INTO postal_code VALUES ('K3R 8N4',1);
INSERT INTO postal_code VALUES ('K3R 1Q4',1);
INSERT INTO postal_code VALUES ('K3R 7F9',2);
INSERT INTO postal_code VALUES ('K3R 1P7',4);
INSERT INTO postal_code VALUES ('K3R 8H1',5);
INSERT INTO postal_code VALUES ('K3R 3Z5',6);
INSERT INTO postal_code VALUES ('K3R 3C2',7);
INSERT INTO postal_code VALUES ('K3R 1K1',8);
INSERT INTO postal_code VALUES ('K3R 9R8',8);
INSERT INTO postal_code VALUES ('J3R 8N4',9);
INSERT INTO postal_code VALUES ('C1V 4L0',NULL);
INSERT INTO postal_code VALUES ('K2H 8N4',NULL);
INSERT INTO postal_code VALUES ('K3R 7Y2',10);
INSERT INTO postal_code VALUES ('K1A 0B1',10);
INSERT INTO postal_code VALUES ('K3R 0N9',11);
INSERT INTO postal_code VALUES ('K3R 3N1',12);
INSERT INTO postal_code VALUES ('K3R 1V2',13);
INSERT INTO postal_code VALUES ('K3R 4S1',14);
INSERT INTO postal_code VALUES ('K3R 1T4',14);
INSERT INTO postal_code VALUES ('K3R 9C3',15);
INSERT INTO postal_code VALUES ('K3R 1X4',NULL);
INSERT INTO postal_code VALUES ('K3R 5B4',NULL);
INSERT INTO postal_code VALUES ('V6S 8N4',NULL);
INSERT INTO postal_code VALUES ('Z8M 8N9',NULL);
INSERT INTO postal_code VALUES ('M2N 4M2',NULL);

INSERT INTO address VALUES (address_id_seq.nextval,'K3R 8N4','Mcguire', 'Château-Richer', 'Canada');
INSERT INTO address VALUES (address_id_seq.nextval,'K3R 8N4','Jay', 'Harbour Breton', 'Canada');
INSERT INTO address VALUES (address_id_seq.nextval,'K3R 1Q4','Lerdahl', 'Merritt', 'Canada');
INSERT INTO address VALUES (address_id_seq.nextval,'K3R 7F9','Merry', 'Port Hawkesbury', 'Canada');
INSERT INTO address VALUES (address_id_seq.nextval,'K3R 1P7','Red Cloud', 'Gibbons', 'Canada');
INSERT INTO address VALUES (address_id_seq.nextval,'K3R 8H1','Judy', 'Mirabel', 'Canada');
INSERT INTO address VALUES (address_id_seq.nextval,'K3R 3Z5','Pawling', 'Minnedosa', 'Canada');
INSERT INTO address VALUES (address_id_seq.nextval,'K3R 3C2','Springview', 'Macklin', 'Canada');
INSERT INTO address VALUES (address_id_seq.nextval,'K3R 1K1','Autumn Leaf', 'Ottawa', 'Canada');
INSERT INTO address VALUES (address_id_seq.nextval,'K3R 9R8','Hudson', 'North Saanich', 'Canada');
INSERT INTO address VALUES (address_id_seq.nextval,'J3R 8N4','Division', 'Orangeville', 'International');
INSERT INTO address VALUES (address_id_seq.nextval,'C1V 4L0','Memorial', 'Sarnia', 'USA');
INSERT INTO address VALUES (address_id_seq.nextval,'C1V 4L0','Jenifer', 'Burns Lake', 'USA');
INSERT INTO address VALUES (address_id_seq.nextval,'K2H 8N4','Bobwhite', 'Richibucto', 'Canada');
INSERT INTO address VALUES (address_id_seq.nextval,'K3R 7Y2','Kropf', 'Claresholm', 'Canada');
INSERT INTO address VALUES (address_id_seq.nextval,'K1A 0B1','Debs', 'Fruitvale', 'Canada');
INSERT INTO address VALUES (address_id_seq.nextval,'K3R 0N9','Clarendon', 'Windsor', 'Canada');
INSERT INTO address VALUES (address_id_seq.nextval,'K3R 3N1','Springview', 'Beausejour', 'Canada');
INSERT INTO address VALUES (address_id_seq.nextval,'K3R 1V2','Mallory', 'Val-d''Or', 'Canada');
INSERT INTO address VALUES (address_id_seq.nextval,'K3R 4S1','Chive', 'Kentville', 'Canada');
INSERT INTO address VALUES (address_id_seq.nextval,'K3R 1T4','Mifflin', 'Espanola', 'Canada');
INSERT INTO address VALUES (address_id_seq.nextval,'K3R 9C3','Melvin', 'Blainville', 'Canada');
INSERT INTO address VALUES (address_id_seq.nextval,'K3R 9C3','Delaware', 'Amos', 'Canada');
INSERT INTO address VALUES (address_id_seq.nextval,'K3R 9C3','Ilene', 'Saint-Augustin', 'Canada');
INSERT INTO address VALUES (address_id_seq.nextval,'K3R 1X4','Mariners Cove', 'Swift Current', 'Canada');
INSERT INTO address VALUES (address_id_seq.nextval,'K3R 5B4','Elgar', 'Moose Jaw', 'Canada');
INSERT INTO address VALUES (address_id_seq.nextval,'V6S 8N4','Memorial', 'Burgeo', 'USA');
INSERT INTO address VALUES (address_id_seq.nextval,'V6S 8N4','Kingsford', 'Vegreville', 'USA');
INSERT INTO address VALUES (address_id_seq.nextval,'Z8M 8N9','Fremont', 'Vaudreuil-Dorion', 'International');
INSERT INTO address VALUES (address_id_seq.nextval,'M2N 4M2','Portage', 'Lac La Biche', 'International');


insert into delivery values (delivery_id_schedule.nextval,5, 5, '03-May-2017');
insert into delivery values (delivery_id_schedule.nextval,2, 17, '03-May-2017');
insert into delivery values (delivery_id_schedule.nextval,5, 21, '16-May-2017');
insert into delivery values (delivery_id_schedule.nextval,1, 25, '13-May-2017');
insert into delivery values (delivery_id_schedule.nextval,1, 18, '28-May-2017');
insert into delivery values (delivery_id_schedule.nextval,1, 20, '4-May-2017');
insert into delivery values (delivery_id_schedule.nextval,2, 13, '1-May-2017');
insert into delivery values (delivery_id_schedule.nextval,3, 12, '23-May-2017');
insert into delivery values (delivery_id_schedule.nextval,4, 24, '7-May-2017');
insert into delivery values (delivery_id_schedule.nextval,1, 14, '2-May-2017');
insert into delivery values (delivery_id_schedule.nextval,2, 25, '17-May-2017');
insert into delivery values (delivery_id_schedule.nextval,4, 28, '16-May-2017');
insert into delivery values (delivery_id_schedule.nextval,3, 11, '15-May-2017');
insert into delivery values (delivery_id_schedule.nextval,3, 21, '16-May-2017');
insert into delivery values (delivery_id_schedule.nextval,5, 30, '23-May-2017');

--INSERT INTO mail VALUES (id,weight,postage,status,registered,delivery,return));
insert into mail values (delivery_id_schedule.nextval, 372, 10.30, 'DELIVERED', 1, '13', '10');
insert into mail values (delivery_id_schedule.nextval, 415, 5.05, 'DELIVERED', 1, '5', '1');
insert into mail values (delivery_id_schedule.nextval, 241, 5.05, 'DELIVERED', 1, '4', '2');
insert into mail values (delivery_id_schedule.nextval, 47, 1.20, 'UNDELIVERED', 0, '24', NULL);
insert into mail values (delivery_id_schedule.nextval, 93, 1.80, 'NOT DELIVERED', 1, '18',NULL);
insert into mail values (delivery_id_schedule.nextval, 101, 10.30, 'DELIVERED Lam Tam', 0, '11', '5');
insert into mail values (delivery_id_schedule.nextval, 266, 10.30, 'DELIVERED', 0, '28', '6');
insert into mail values (delivery_id_schedule.nextval, 71, 2.95, 'DELIVERED', 0, '12', '7');
insert into mail values (delivery_id_schedule.nextval, 89, 1.80, 'DELIVERED', 1, '15', NULL);
insert into mail values (delivery_id_schedule.nextval, 222, 5.05, 'DELIVERED', 0, '19', '9');
insert into mail values (delivery_id_schedule.nextval, 480, 10.30, 'UNDELIVERED', 0, '12', NULL);
insert into mail values (delivery_id_schedule.nextval, 186, 2.95, 'DELIVERED', 1, '1', '24');
insert into mail values (delivery_id_schedule.nextval, 112, 2.95, 'DELIVERED', 0, '21', '25');
insert into mail values (delivery_id_schedule.nextval, 9, 1.20, 'NOT DELIVERED', 0, '13', '3');
insert into mail values (delivery_id_schedule.nextval, 284, 10.30, 'DELIVERED', 0, '12', NULL);
insert into mail values (delivery_id_schedule.nextval, 42, 1.20, 'DELIVERED', 0, '18', '23');
insert into mail values (delivery_id_schedule.nextval, 53, 1.80, 'NOT DELIVERED', 1, '23', '15');
insert into mail values (delivery_id_schedule.nextval, 66, 1.80, 'DELIVERED', 1, '18', NULL);
insert into mail values (delivery_id_schedule.nextval, 364, 5.05, 'DELIVERED', 0,'3', NULL);
insert into mail values (delivery_id_schedule.nextval, 327, 20.60, 'DELIVERED', 0, '30', NULL);
insert into mail values (delivery_id_schedule.nextval, 497, 5.05, 'DELIVERED', 1, '18', NULL);
insert into mail values (delivery_id_schedule.nextval, 168, 2.95, 'UNDELIVERED', 0, '20', NULL);
insert into mail values (delivery_id_schedule.nextval, 29, 0.85, 'DELIVERED', 0, '15', '15');
insert into mail values (delivery_id_schedule.nextval, 285, 20.60, 'DELIVERED', 0, '30', '6');
insert into mail values (delivery_id_schedule.nextval, 54, 1.80, 'DELIVERED', 0, '3', '4');
insert into mail values (delivery_id_schedule.nextval, 353, 5.05, 'DELIVERED', 1, '10', '6');
insert into mail values (delivery_id_schedule.nextval, 95, 1.80, 'NOT DELIVERED', 1, '18', '7');
insert into mail values (delivery_id_schedule.nextval, 317, 10.30, 'DELIVERED', 0, '13', '21');
insert into mail values (delivery_id_schedule.nextval, 439, 20.60, 'NOT DELIVERED', 1, '29', '20');
insert into mail values (delivery_id_schedule.nextval, 64, 1.80, 'DELIVERED', 1, '7', '22');

--insert into customer values (customer_id_seq.nextval,'address-1-30', 'phone', 'name', premium);

insert into customer values (customer_id_seq.nextval,16, '27-(794)467-6299', 'Sonnie Pruvost', 0);
insert into customer values (customer_id_seq.nextval,16, '86-(431)865-7821', 'Manfred Eixenberger', 0);
insert into customer values (customer_id_seq.nextval,19, '594-(125)649-0751', 'Elsey Nodin', 1);
insert into customer values (customer_id_seq.nextval,8, '54-(148)717-0690', 'Abdul Fawdry', 1);
insert into customer values (customer_id_seq.nextval,17, '963-(125)527-4903', 'Munroe Gyver', 0);
insert into customer values (customer_id_seq.nextval,7, '255-(226)359-8724', 'Hort Schroder', 1);
insert into customer values (customer_id_seq.nextval,24, '1-(815)712-3656', 'Ryley Daft', 1);
insert into customer values (customer_id_seq.nextval,18, '359-(123)146-3589', 'Ellery Swanston', 1);
insert into customer values (customer_id_seq.nextval,19, '86-(269)959-1640', 'Elberta Simkovich', 1);
insert into customer values (customer_id_seq.nextval,9, '20-(168)530-9775', 'Fredek Gennings', 1);
insert into customer values (customer_id_seq.nextval,2, '58-(760)923-8100', 'Mignon Kindell', 0);
insert into customer values (customer_id_seq.nextval,26, '55-(852)652-5092', 'Suzette Ambrogio', 0);
insert into customer values (customer_id_seq.nextval,9, '82-(631)502-2395', 'Miriam Wadie', 0);
insert into customer values (customer_id_seq.nextval,17, '62-(990)805-5373', 'Melli de Quesne', 1);
insert into customer values (customer_id_seq.nextval,9, '380-(522)448-3334', 'Bibbie Commucci', 1);

/*CANT TEST ANYTHING WITH AN EMPLOYEE BECAUSE I DONT HAVE THE USER TABLE COMPLETElY FILLED YET*/

INSERT INTO post_user VALUES (user_id_seq.nextval,'Jany','','');
INSERT INTO post_user VALUES (user_id_seq.nextval,'Peggy','','');
INSERT INTO post_user VALUES (user_id_seq.nextval,'Ingamar','','');
INSERT INTO post_user VALUES (user_id_seq.nextval,'Morse','','');
INSERT INTO post_user VALUES (user_id_seq.nextval,'Albertine','','');
INSERT INTO post_user VALUES (user_id_seq.nextval,'Solomon','','');
INSERT INTO post_user VALUES (user_id_seq.nextval,'Johnny','','');
INSERT INTO post_user VALUES (user_id_seq.nextval,'Seymour','','');
INSERT INTO post_user VALUES (user_id_seq.nextval,'Haven','','');
INSERT INTO post_user VALUES (user_id_seq.nextval,'Giacopo','','');
INSERT INTO post_user VALUES (user_id_seq.nextval,'Erastus','','');
INSERT INTO post_user VALUES (user_id_seq.nextval,'Latrena','','');
INSERT INTO post_user VALUES (user_id_seq.nextval,'Tiffie','','');
INSERT INTO post_user VALUES (user_id_seq.nextval,'Kasey','','');
INSERT INTO post_user VALUES (user_id_seq.nextval,'Genvieve','','');

insert into employee values (emp_id_seq.nextval, 'Jany', 'Axup', 'carrier', 54000.00, '351-(311)578-3747', 'jaxup0@icio.us', 4);
insert into employee values (emp_id_seq.nextval, 'Peggy', 'Bradneck', 'carrier', 78000.00, '86-(982)847-1942', 'pbradneck1@msn.com', 15);
insert into employee values (emp_id_seq.nextval, 'Ingamar', 'Planks', 'clerk', 89000.00, '62-(463)141-4342', 'iplanks2@over-blog.com', 14);
insert into employee values (emp_id_seq.nextval, 'Morse', 'Larratt', 'carrier', 58000.00, '254-(491)493-8034', 'mlarratt3@wired.com', 13);
insert into employee values (emp_id_seq.nextval, 'Albertine', 'Probbing', 'carrier', 77000.00, '86-(537)662-6967', 'aprobbing4@github.io', 11);
insert into employee values (emp_id_seq.nextval, 'Solomon', 'Mc Coughan', 'postmaster', 96000.00, '1-(307)620-3230', 'smccoughan5@wordpress.com', 12);
insert into employee values (emp_id_seq.nextval, 'Johnny', 'Mahaddy', 'postmaster', 97000.00, '62-(729)947-8830', 'jmahaddy6@parallels.com', 2);
insert into employee values (emp_id_seq.nextval, 'Seymour', 'Redington', 'clerk', 83000.00, '86-(156)703-6971', 'sredington7@weibo.com', 3);
insert into employee values (emp_id_seq.nextval, 'Haven', 'Earingey', 'carrier', 68000.00, '1-(794)721-4535', 'hearingey8@epa.gov', 10);
insert into employee values (emp_id_seq.nextval, 'Giacopo', 'Okroy', 'clerk', 92000.00, '268-(113)559-2573', 'gokroy9@npr.org', 8);
insert into employee values (emp_id_seq.nextval, 'Erastus', 'Gierok', 'clerk', 91000.00, '86-(374)681-6489', 'egieroka@time.com', 5);
insert into employee values (emp_id_seq.nextval, 'Latrena', 'Fuxman', 'carrier', 65000.00, '355-(812)514-4602', 'lfuxmanb@omniture.com', 9);
insert into employee values (emp_id_seq.nextval, 'Tiffie', 'Newcombe', 'carrier', 74000.00, '351-(538)906-5001', 'tnewcombec@newsvine.com', 1);
insert into employee values (emp_id_seq.nextval, 'Kasey', 'Troughton', 'carrier', 79000.00, '351-(188)456-0389', 'ktroughtond@twitter.com', 7);
insert into employee values (emp_id_seq.nextval, 'Genvieve', 'Minker', 'carrier', 78000.00, '55-(917)391-9063', 'gminkere@infoseek.co.jp', 6);

INSERT INTO office VALUES (office_id_seq.nextval,3,'514');
INSERT INTO office VALUES (office_id_seq.nextval,8,'438');
INSERT INTO office VALUES (office_id_seq.nextval,10,'829');
INSERT INTO office VALUES (office_id_seq.nextval,11,'290');

insert into sale values (sale_id_seq.nextval,1, 3, '30-Jul-2016');
insert into sale values (sale_id_seq.nextval,11, 8, '23-Dec-2016');
insert into sale values (sale_id_seq.nextval,6, 8, '03-Sep-2016');
insert into sale values (sale_id_seq.nextval,12, 8, '14-Jan-2017');
insert into sale values (sale_id_seq.nextval,6, 10, '12-Apr-2017');
insert into sale values (sale_id_seq.nextval,10, 11, '16-Feb-2017');
insert into sale values (sale_id_seq.nextval,9, 8, '13-Sep-2016');
insert into sale values (sale_id_seq.nextval,8, 10, '11-Apr-2017');
insert into sale values (sale_id_seq.nextval,13, 10, '30-Jan-2017');
insert into sale values (sale_id_seq.nextval,12, 11, '21-May-2016');

insert into product_sale values (2, 10);
insert into product_sale values (2, 6);
insert into product_sale values (3, 5);
insert into product_sale values (4, 9);
insert into product_sale values (4, 10);
insert into product_sale values (4, 1);
insert into product_sale values (1, 4);
insert into product_sale values (4, 2);
insert into product_sale values (3, 6);
insert into product_sale values (1, 10);
insert into product_sale values (2, 4);
insert into product_sale values (5, 10);
insert into product_sale values (4, 7);
insert into product_sale values (2, 7);
insert into product_sale values (3, 10);

insert into postage values(0,29,0.85,1.20,2.50);
insert into postage values(30,49,1.20,1.80,3.60);
insert into postage values(50,99,1.80,2.95,5.90);
insert into postage values(100,199,2.95,5.15,10.30);
insert into postage values(200,500,5.05,10.30,20.60);

insert into sick_day values ('27-Dec-2016', 3);
insert into sick_day values ('02-Mar-2017', 5);
insert into sick_day values ('26-Jun-2016', 10);
insert into sick_day values ('14-Apr-2017', 7);
insert into sick_day values ('23-Jun-2016', 7);



insert into schedule values (schedule_id_seq.nextval,9, 10, 4, to_date('11/08/2016:6:00:00AM', 'dd/mm/yyyy:hh:mi:ssam'), to_date('11/08/2016:6:05:00AM', 'dd/mm/yyyy:hh:mi:ssam'), to_date('11/08/2016:8:00:00AM', 'dd/mm/yyyy:hh:mi:ssam'));
insert into schedule values (schedule_id_seq.nextval,13, 14, 2, to_date('29/08/2016:6:00:00AM', 'dd/mm/yyyy:hh:mi:ssam'), to_date('29/08/2016:6:00:08AM', 'dd/mm/yyyy:hh:mi:ssam'), to_date('29/08/2016:9:00:00AM', 'dd/mm/yyyy:hh:mi:ssam'));
insert into schedule values (schedule_id_seq.nextval,2, 5, 5, to_date('24/07/2016:6:00:00AM', 'dd/mm/yyyy:hh:mi:ssam'),to_date('24/07/2016:6:00:40AM', 'dd/mm/yyyy:hh:mi:ssam'),to_date('24/07/2016:8:00:00AM', 'dd/mm/yyyy:hh:mi:ssam'));
insert into schedule values (schedule_id_seq.nextval,12, 16, 3, to_date('26/06/2016:6:00:00AM', 'dd/mm/yyyy:hh:mi:ssam'),to_date('26/06/2016:6:00:30AM', 'dd/mm/yyyy:hh:mi:ssam'),to_date('26/06/2016:9:00:00AM', 'dd/mm/yyyy:hh:mi:ssam'));
insert into schedule values (schedule_id_seq.nextval,5, 3, 2, to_date('08/09/2016:6:00:00AM', 'dd/mm/yyyy:hh:mi:ssam'),to_date('08/09/2016:6:15:00AM', 'dd/mm/yyyy:hh:mi:ssam'),to_date('08/09/2016:8:00:00AM', 'dd/mm/yyyy:hh:mi:ssam'));
insert into schedule values (schedule_id_seq.nextval,1, 8, 5, to_date('22-01-2017:6:00:00AM', 'dd/mm/yyyy:hh:mi:ssam'),to_date('22-01-2017:6:03:00AM', 'dd/mm/yyyy:hh:mi:ssam'),to_date('22-01-2017:8:00:00AM', 'dd/mm/yyyy:hh:mi:ssam'));
insert into schedule values (schedule_id_seq.nextval,1, 2, 3, to_date('01-06-2016:6:00:00AM', 'dd/mm/yyyy:hh:mi:ssam'),to_date('01-06-2016:6:00:00AM', 'dd/mm/yyyy:hh:mi:ssam'),to_date('01-06-2016:9:00:00AM', 'dd/mm/yyyy:hh:mi:ssam'));
insert into schedule values (schedule_id_seq.nextval,1, 3, 4, to_date('09-04-2017:6:00:00AM', 'dd/mm/yyyy:hh:mi:ssam'),to_date('09-04-2017:6:00:00AM', 'dd/mm/yyyy:hh:mi:ssam'),to_date('09-04-2017:8:00:00AM', 'dd/mm/yyyy:hh:mi:ssam'));
insert into schedule values (schedule_id_seq.nextval,14, 7, 4, to_date('05-02-2017:6:00:00AM', 'dd/mm/yyyy:hh:mi:ssam'),to_date('05-02-2017:6:00:00AM', 'dd/mm/yyyy:hh:mi:ssam'),to_date('05-02-2017:9:00:00AM', 'dd/mm/yyyy:hh:mi:ssam'));
insert into schedule values (schedule_id_seq.nextval,15, 8, 5, to_date('19-11-2016:6:00:00AM', 'dd/mm/yyyy:hh:mi:ssam'),to_date('19-11-2016:6:00:00AM', 'dd/mm/yyyy:hh:mi:ssam'),to_date('19-11-2016:8:00:00AM', 'dd/mm/yyyy:hh:mi:ssam'));
insert into schedule values (schedule_id_seq.nextval,14, 3, 5, to_date('08-08-2016:6:00:00AM', 'dd/mm/yyyy:hh:mi:ssam'),to_date('08-08-2016:6:08:00AM', 'dd/mm/yyyy:hh:mi:ssam'),to_date('08-08-2016:7:00:00AM', 'dd/mm/yyyy:hh:mi:ssam'));
insert into schedule values (schedule_id_seq.nextval,4, 13, 3, to_date('12-10-2016:6:00:00AM', 'dd/mm/yyyy:hh:mi:ssam'),to_date('12-10-2016:6:00:32AM', 'dd/mm/yyyy:hh:mi:ssam'),to_date('12-10-2016:10:00:00AM', 'dd/mm/yyyy:hh:mi:ssam'));
insert into schedule values (schedule_id_seq.nextval,9, 10, 5, to_date('08-09-2016:6:00:00AM', 'dd/mm/yyyy:hh:mi:ssam'),to_date('08-09-2016:6:01:50AM', 'dd/mm/yyyy:hh:mi:ssam'),to_date('08-09-2016:9:00:00AM', 'dd/mm/yyyy:hh:mi:ssam'));
insert into schedule values (schedule_id_seq.nextval,2, 7, 1, to_date('01-06-2016:6:00:00AM', 'dd/mm/yyyy:hh:mi:ssam'),to_date('01-06-2016:6:00:45AM', 'dd/mm/yyyy:hh:mi:ssam'),to_date('01-06-2016:11:00:00AM', 'dd/mm/yyyy:hh:mi:ssam'));
insert into schedule values (schedule_id_seq.nextval,12, 14, 2, to_date('02-07-2016:6:00:00AM', 'dd/mm/yyyy:hh:mi:ssam'),to_date('02-07-2016:6:50:00AM', 'dd/mm/yyyy:hh:mi:ssam'),to_date('02-07-2016:8:00:00AM', 'dd/mm/yyyy:hh:mi:ssam'));
/*
INSERT INTO tableHere VALUES (sequenceHere.nextval,'READY');
DELETE FROM tableHere where name='dog';
*/